{
	"credit": "Made with Blockbench",
	"ambientocclusion": false,
	"textures": {
		"0": "item/spyglass_model",
		"particle": "item/spyglass_model"
	},
	"elements": [
		{
			"name": "1",
			"from": [0, 1.375, 1.125],
			"to": [5.5, 3.375, 3.125],
			"faces": {
				"north": {"uv": [0, 4, 2, 8], "rotation": 90, "texture": "#0"},
				"east": {"uv": [0, 0, 4, 4], "rotation": 180, "texture": "#0"},
				"south": {"uv": [0, 4, 2, 8], "rotation": 270, "texture": "#0"},
				"west": {"uv": [0, 0, 4, 4], "texture": "#0"},
				"up": {"uv": [0, 4, 2, 8], "rotation": 270, "texture": "#0"},
				"down": {"uv": [0, 4, 2, 8], "rotation": 270, "texture": "#0"}
			}
		},
		{
			"name": "2",
			"from": [5.5, 1, 0.75],
			"to": [11.75, 3.75, 3.5],
			"faces": {
				"north": {"uv": [0, 8, 2.75, 12.25], "rotation": 90, "texture": "#0"},
				"east": {"uv": [0, 13, 2.75, 15.75], "texture": "#0"},
				"south": {"uv": [0, 8, 2.75, 12.25], "rotation": 270, "texture": "#0"},
				"west": {"uv": [0, 0, 3.75, 3.75], "texture": "#0"},
				"up": {"uv": [0, 8, 2.75, 12.25], "rotation": 270, "texture": "#0"},
				"down": {"uv": [0, 8, 2.75, 12.25], "rotation": 270, "texture": "#0"}
			}
		},
		{
			"name": "3",
			"from": [11.5, 1, 0.75],
			"to": [12.1, 1.5, 3.5],
			"faces": {
				"north": {"uv": [0, 12, 0.6, 12.5], "texture": "#0"},
				"east": {"uv": [0, 12, 2.75, 12.5], "texture": "#0"},
				"south": {"uv": [0, 12, 0.6, 12.5], "texture": "#0"},
				"west": {"uv": [0, 12, 2.75, 12.5], "texture": "#0"},
				"up": {"uv": [1, 8, 1.6, 10.75], "texture": "#0"},
				"down": {"uv": [1, 8, 1.6, 10.75], "texture": "#0"}
			}
		},
		{
			"name": "4",
			"from": [11.5, 3.25, 0.75],
			"to": [12.1, 3.75, 3.5],
			"faces": {
				"north": {"uv": [4, 0, 5.6, 1.5], "texture": "#0"},
				"east": {"uv": [4, 0, 6.75, 0.5], "texture": "#0"},
				"south": {"uv": [4, 0, 5.6, 1.5], "texture": "#0"},
				"west": {"uv": [4, 0, 6.75, 0.5], "texture": "#0"},
				"up": {"uv": [4, 0, 4.6, 2.75], "texture": "#0"},
				"down": {"uv": [4, 0, 4.6, 2.75], "texture": "#0"}
			}
		},
		{
			"name": "5",
			"from": [11.5, 1, 0.75],
			"to": [12.1, 3.75, 1.25],
			"faces": {
				"north": {"uv": [4, 0, 4.6, 2.75], "texture": "#0"},
				"east": {"uv": [4, 0, 4.5, 2.75], "texture": "#0"},
				"south": {"uv": [4, 0, 4.6, 2.75], "texture": "#0"},
				"west": {"uv": [4, 0, 4.5, 2.75], "texture": "#0"},
				"up": {"uv": [4, 0, 5.6, 1.5], "texture": "#0"},
				"down": {"uv": [4, 0, 5.6, 1.5], "texture": "#0"}
			}
		},
		{
			"name": "6",
			"from": [11.5, 1, 3],
			"to": [12.1, 3.75, 3.5],
			"faces": {
				"north": {"uv": [4, 0, 4.6, 2.75], "texture": "#0"},
				"east": {"uv": [4, 0, 4.5, 2.75], "texture": "#0"},
				"south": {"uv": [4, 0, 4.6, 2.75], "texture": "#0"},
				"west": {"uv": [4, 0, 4.5, 2.75], "texture": "#0"},
				"up": {"uv": [4, 0, 5.6, 1.5], "texture": "#0"},
				"down": {"uv": [4, 0, 5.6, 1.5], "texture": "#0"}
			}
		}
	],
	"gui_light": "front",
	"display": {
		"thirdperson_righthand": {
			"rotation": [-50, 89, -3],
			"translation": [6, 0.5, -7]
		},
		"thirdperson_lefthand": {
			"rotation": [162, 90, -1],
			"translation": [6.25, -7.5, -1.75]
		},
		"firstperson_righthand": {
			"rotation": [68, -63, -36],
			"translation": [-4.25, -2, 9.75]
		},
		"firstperson_lefthand": {
			"rotation": [112, 130, 0],
			"translation": [9, 0.5, 6]
		},
		"gui": {
			"rotation": [0, -2, 0]
		},
		"head": {
			"rotation": [-180, 87.25, -180],
			"translation": [7.25, 4.75, -21.5],
			"scale": [1.92, 1, 1]
		}
	},
	"groups": [
		{
			"name": "spyglass_model",
			"origin": [0, 0, 0],
			"color": 0,
			"children": [0, 1, 2, 3, 4, 5]
		}
	]
}